Modelo,MAE,RMSE,R²,MAPE (%)
MLP (features expandidas),3.3644,17.4877,0.99996,0.099
Random Forest,37.4732,74.5665,0.99928,0.988
XGBoost,95.8274,128.1559,0.99786,2.606
LSTM,104.2571,143.1564,0.99733,3.715
MLP (TCC2 original),2435.5006,2916.4034,-0.10795,75.603
