Modelo,MAE,RMSE,R²,MAPE (%)
Regressão Linear,1083.8078,1499.3586,0.70716,27.487
MME (α=0.5),1197.67,1709.2959,0.61941,29.263
MME (α=0.3),1296.0484,1802.9547,0.57656,33.667
MME (α=0.1),1519.6861,1996.9895,0.48051,45.349
MMS (w=12),1492.1786,2020.4274,0.46825,41.823
MMS (w=6),1477.4809,2026.9756,0.46479,38.345
MMS (w=24),1639.5833,2150.1403,0.39778,50.72
SARIMA,1449.6561,1761.8203,0.36011,29.911
